,ep_step,ep_gain
0,1,-22.68474895679094
1,2,-11.166134185303534
2,3,-14.730807577268209
3,4,-20.38767314154579
4,5,-15.516417910447757
5,6,-35.50582712852055
6,7,-20.730211355159526
7,8,-28.069851465275008
8,9,-11.896609600537076
9,10,-4.697160090474966
10,11,-25.960436011303983
11,12,-6.551641504912524
12,13,-34.68060394889663
13,14,-41.034821794346556
14,15,-6.83213215644993
15,16,-29.68482077243408
16,17,-11.414141414141383
17,18,-17.499176276770967
18,19,-26.29014675052413
19,20,-14.38077787957026
20,21,-14.703982777179746
21,22,-18.72284896447212
22,23,-14.082119641240851
23,24,-12.740906190172268
24,25,-29.797747266299424
25,26,-25.171958762886618
26,27,-39.27228470706733
27,28,0.36493889591238826
28,29,-22.967570705814026
29,30,-1.7890938251804158
30,31,-15.493842674038731
31,32,-25.424763542562303
32,33,-11.09522593821805
33,34,-22.022022022021957
34,35,-10.942469403047212
35,36,-8.796005941574549
36,37,-22.757959005669434
37,38,-18.069769364305202
38,39,-24.54447035309795
39,40,-13.01618929016189
40,41,-12.045473133229734
41,42,-14.890468711250733
42,43,-34.89642499164718
43,44,-37.50128402670775
44,45,-34.04295589203424
45,46,-25.678779427446514
46,47,-27.166556071665596
47,48,-32.210447263017386
48,49,-26.63387978142073
49,50,-22.71580671580672
50,51,-16.83621399176954
51,52,-27.03982869379014
52,53,-30.566504564456963
53,54,-43.59583190980527
54,55,-24.46312319736296
55,56,-19.699563611950282
56,57,-16.817534154722964
57,58,-8.302558582429427
58,59,-16.681506849315028
59,60,-26.091982495252225
60,61,-7.4928378488991
61,62,-7.185507948035138
62,63,-7.802001138859481
63,64,-14.077109642887024
64,65,-23.84275017018382
65,66,-31.74997981103124
66,67,-27.970504441092686
67,68,-19.248371471521622
68,69,-11.725450393301173
69,70,-22.646734052493017
70,71,-23.001865520317963
71,72,-17.1829227696405
72,73,-31.825173668541197
73,74,-24.65379494007992
74,75,-12.369440700808681
75,76,-5.406517722156906
76,77,-15.756872852233698
77,78,-18.797061524334268
78,79,-17.416495691423904
79,80,-15.694198871768904
80,81,-20.9519469759735
81,82,-29.76096922069415
82,83,-8.219791148682276
83,84,-13.790126561059395
84,85,-14.494309985574631
85,86,-25.043208870047266
86,87,-28.18804688789831
87,88,-26.009540258244925
88,89,-34.10417859187177
89,90,-17.608074011774576
90,91,-6.914052953156812
91,92,-5.504535147392346
92,93,-23.382942186605604
93,94,-20.423370025402193
94,95,-12.355179704016933
95,96,-32.54611033691286
96,97,-21.18656904822015
97,98,-24.595814526056643
98,99,-20.895179801071194
99,100,-19.45528186477101
100,101,-10.86407444333662
101,102,-19.544524053224137
102,103,1.4973581046531734
103,104,-18.770683531144428
104,105,-18.01858640975361
105,106,-10.480987156887423
106,107,-32.39999999999998
107,108,-21.756048889997487
108,109,-20.952699874424425
109,110,-32.58471760797342
110,111,-41.048766399867965
111,112,-2.041446208112859
112,113,-29.25907300310118
113,114,-24.385461109287803
114,115,-0.9117147707979711
115,116,-13.528371779760917
116,117,-31.51387512388507
117,118,-16.40679370339683
118,119,-12.29454306377383
119,120,-21.16211983845706
120,121,-27.51927916226967
121,122,0.6833749697799476
122,123,-38.02672493486847
123,124,-25.81438477664895
124,125,-37.129729282225334
125,126,-11.31842019010162
126,127,-28.985636614460745
127,128,-13.801909113159837
128,129,-14.725852856555704
129,130,-8.415100756738383
130,131,4.178617432374395
131,132,-13.866877971473826
132,133,-13.944893032548066
133,134,-20.01074557778142
134,135,-13.007959782153378
135,136,-19.455962846243196
136,137,-29.058496291301424
137,138,-4.430530236981895
138,139,-25.426621160409553
139,140,-18.60692254969156
140,141,-41.211791307260704
141,142,-18.169073557976546
142,143,-40.644775098341
143,144,-24.563620836891545
144,145,-30.14370110170843
145,146,-29.48097187146216
146,147,-24.50911880006818
147,148,-15.678043136930768
148,149,-7.973861514733343
149,150,-36.22313709345409
150,151,-35.04322282836759
151,152,-25.72299215227916
152,153,-13.962232759337851
153,154,-9.839933993399342
154,155,-15.012274612714805
155,156,-22.132165605095537
156,157,-28.29637687222825
157,158,-11.347172031263113
158,159,-21.893827160493828
159,160,-35.00522557045811
160,161,-41.892653027416536
161,162,-14.681328158689098
162,163,-25.080829523187475
163,164,-29.205440822758547
164,165,-20.152475586774017
165,166,-20.50792864221998
166,167,-7.879210030320422
167,168,-10.667704407668339
168,169,-9.26735326132463
169,170,-7.2692619626926245
170,171,-20.987354928113618
171,172,-18.764238867794276
172,173,-38.332002555094235
173,174,-28.203389830508513
174,175,-8.843315599794039
175,176,-19.140017286084714
176,177,-36.62487292443238
177,178,-18.4669163545568
178,179,-16.023492831231636
179,180,-17.86255808266077
180,181,-11.170643110707474
181,182,-14.184221065278308
182,183,-28.93342391304344
183,184,-10.577087978048382
184,185,-20.570945945945923
185,186,-19.765204630686412
186,187,-10.866365168041128
187,188,-19.69985421490439
188,189,-15.387991718426548
189,190,-15.492888670917154
190,191,-31.579574468085113
191,192,-18.95951929158761
192,193,-17.73023566772524
193,194,-13.609060402684577
194,195,-1.9573627459050158
195,196,-23.386996904024755
196,197,-18.535643819164434
197,198,-21.288566243194197
198,199,-19.353944383768777
199,200,-3.008055809318165
200,201,-18.834277507380506
201,202,7.2631225893006786
202,203,-35.123322147650995
203,204,-26.668572829017236
204,205,-16.246985446985477
205,206,-16.696027780130407
206,207,-35.07996632996631
207,208,-8.495575221238923
208,209,-19.61026857578581
209,210,-21.081260916576554
210,211,-17.689984901862104
211,212,-20.778107764106906
212,213,0.5491497304023198
213,214,-24.18282071163955
214,215,-17.442676249144426
215,216,-13.24531516183987
216,217,-15.273627664932036
217,218,-10.674804237678444
218,219,-5.926230181549329
219,220,-28.935088742604748
220,221,-16.10828673106255
221,222,-19.726771459139187
222,223,-4.626543977451718
223,224,4.053941215764851
224,225,-11.131280110116975
225,226,-28.221779878908535
226,227,-17.68813723903544
227,228,-37.48926684280054
228,229,-2.63784561291358
229,230,-22.452685421994886
230,231,-14.907334211682041
231,232,-22.6498682476943
232,233,-15.425389382013051
233,234,-22.11564059900168
234,235,-8.652569461519505
235,236,-13.67766859830354
236,237,-19.863303642296486
237,238,-19.099037724601914
238,239,1.2895090786819736
239,240,-18.843023255813947
240,241,-12.515969338869354
241,242,-4.180080482897424
242,243,-15.817894824291784
243,244,-23.34547919667824
244,245,-35.84504182571267
245,246,-22.09197475202889
246,247,-29.691393679346476
247,248,-30.605707629586476
248,249,-21.739488870568863
249,250,-21.055454760590038
250,251,-24.321645706671106
251,252,-33.95877693552508
252,253,-19.18234748122522
253,254,-13.538095628639397
254,255,-20.345243843553845
255,256,-18.562869336835192
256,257,-20.97918679195574
257,258,-20.09811196306373
258,259,-33.90480167014614
259,260,-31.768211920529794
260,261,-5.579929399899157
261,262,-28.21236559139784
262,263,-22.396008050989565
263,264,-32.17668259156817
264,265,-3.995667749729222
265,266,-15.568229826784929
266,267,2.4342690720815483
267,268,-13.09814909152658
268,269,-22.443495730788598
269,270,-28.194318649650057
270,271,-26.74278038952319
271,272,-3.5302426055167757
272,273,-14.424346335190734
273,274,-22.78698224852073
274,275,-20.958083832335348
275,276,-14.832919768403698
276,277,-30.187658495350817
277,278,-19.48368047242839
278,279,-13.316566866267436
279,280,-33.01804399769301
280,281,-20.447569236045624
281,282,-14.620614403223115
282,283,4.7243573849078615
283,284,-19.625501925755955
284,285,-17.58509176166224
285,286,-37.24196420999068
286,287,-40.35810987859201
287,288,-22.776787986765058
288,289,-27.103148024112485
289,290,-29.761054421768705
290,291,-3.4132334581773023
291,292,-8.156795281395972
292,293,-13.445975218785208
293,294,-21.66326356984854
294,295,-20.798849656494653
295,296,-16.051865799383762
296,297,-17.85215605749488
297,298,-25.39485728551216
298,299,-5.0834306691139375
299,300,-23.847706718346302
300,301,-10.973684210526287
301,302,-11.915251521948079
302,303,-24.607054963084522
303,304,-17.16106991084078
304,305,-11.947901111664137
305,306,-11.293977340488937
306,307,-3.3977081496914963
307,308,-21.345729325861782
308,309,-13.42018740752917
309,310,-28.931291250634615
310,311,-4.231850504382365
311,312,-16.08444816053516
312,313,-22.78032896384738
313,314,-23.847218617527503
314,315,-28.540385749178796
315,316,-13.706983805668045
316,317,-9.13862380713212
317,318,-3.500535375998652
318,319,-4.727661675168662
319,320,-28.200792602377817
320,321,-29.558835724355248
321,322,-23.037869330004156
322,323,-26.2137366724523
323,324,-15.596243390419076
324,325,-8.410859269282795
325,326,-35.05488060326772
326,327,-11.513450096371429
327,328,-2.5831575531397135
328,329,-31.550547532137756
329,330,-26.976263336365875
330,331,-22.353194050382598
331,332,-15.06110335195531
332,333,-33.13498532768176
333,334,-29.028181041844604
334,335,-16.54825243513139
335,336,-31.8983193277311
336,337,-24.814626714068027
337,338,-16.983390945114223
338,339,-14.903647625602204
339,340,-30.168241339300522
340,341,-15.66226035192156
341,342,-14.913969335604818
342,343,-16.983184137873323
343,344,-10.274438272116726
344,345,-17.805082613436156
345,346,-24.86436448522899
346,347,-25.43096807326883
347,348,-27.245828881400513
348,349,-23.29919408999328
349,350,-22.094668575760096
350,351,-17.967233974868805
351,352,-27.87945670628183
352,353,-7.192436768437403
353,354,-15.02678343678258
354,355,-14.637382561397729
355,356,-24.36090828853405
356,357,-6.916979557780593
357,358,-24.94357602608042
358,359,-15.36947010209039
359,360,-22.482861154703926
360,361,-22.094020760058356
361,362,-9.056999161777028
362,363,-8.402175760666339
363,364,-17.189877472571453
364,365,-17.68954275683356
365,366,-22.291406184879577
366,367,-21.098187068827215
367,368,-3.061843832020969
368,369,-23.62211087764669
369,370,-26.387854251012158
370,371,-31.198866949929226
371,372,-19.380040733197575
372,373,-26.10623101551596
373,374,-26.398957194516854
374,375,-19.905312552371328
375,376,-10.312630262609431
376,377,-1.6800204568700963
377,378,-25.588760760110475
378,379,7.2921126296723315
379,380,-18.675374629377373
380,381,-16.064757160647616
381,382,-14.655625447885967
382,383,-9.321381794368051
383,384,-17.303667078697956
384,385,-34.55369888319757
385,386,-20.967687788501905
386,387,-19.712193020249885
387,388,-8.046121593291417
388,389,-26.41357973074672
389,390,-17.73722003761324
390,391,-23.622040882281667
391,392,-27.82253498341825
392,393,-24.801220649317642
393,394,-32.788116225922295
394,395,-28.90810196460464
395,396,-37.79341967661492
396,397,-18.902632678646057
397,398,-24.806898828189475
398,399,-29.208322760720634
399,400,-1.298852486279685
400,401,-14.190389995063384
401,402,-33.08589259320087
402,403,-28.084268721728918
403,404,-11.869769874477015
404,405,-26.042024013722113
405,406,-21.465832453075535
406,407,-6.8175365344467735
407,408,-25.216304076018986
408,409,-8.946323711851775
409,410,-2.183984116479124
410,411,-22.0885328836425
411,412,-4.9498757604318655
412,413,-21.766219149449327
413,414,-12.341434992508766
414,415,-19.37654422665132
415,416,-33.14900025098302
416,417,-19.882865937072495
417,418,-18.514563106796118
418,419,-22.661362344726783
419,420,-10.29614767255218
420,421,-5.927775958074008
421,422,-16.076826722338225
422,423,-35.729615547106036
423,424,-28.06244796003334
424,425,-18.29107038245877
425,426,-20.923504413206942
426,427,-30.696651185529205
427,428,-25.67472306143
428,429,-21.176766828940714
429,430,-21.46483526036687
430,431,-19.256547003104345
431,432,-20.257058575642645
432,433,-17.499368314663528
433,434,-9.098872506504804
434,435,-17.064782497658996
435,436,-22.951359567640623
436,437,-13.397467521789167
437,438,-24.464213505863313
438,439,-27.822286344733953
439,440,-6.975947887088694
440,441,-8.134236955989195
441,442,-10.305954148111468
442,443,-19.75671997277982
443,444,-13.203170629954073
444,445,-22.20878534590075
445,446,-19.054446009778772
446,447,-12.012541806020067
447,448,-35.085141903171944
448,449,-22.386230058774146
449,450,-14.757860351163714
450,451,-28.434655396619007
451,452,-21.561467283542626
452,453,-14.163449691991772
453,454,-4.695355080126916
454,455,-22.62140692817954
455,456,-21.86222620307791
456,457,-17.427137448269818
457,458,-16.748379591158383
458,459,-15.616100090542474
459,460,-7.978767867591728
460,461,-24.389078498293557
461,462,-19.658753709198834
462,463,-19.115473061760852
463,464,-14.200778078484461
464,465,-17.178761365585856
465,466,-18.83647288080546
466,467,-26.897590361445765
467,468,-17.406473308112666
468,469,-6.740349719564506
469,470,-8.591093117408889
470,471,-28.31654557463672
471,472,-17.171600560732244
472,473,-25.199395516749235
473,474,-25.51598837209302
474,475,-27.020812353138595
475,476,-18.979574682693112
476,477,-46.17699871740061
477,478,-13.58021570610046
478,479,-5.0764655904842755
479,480,-28.184121621621642
480,481,-18.621089223638464
481,482,-22.239115985377182
482,483,-20.212975098296212
483,484,-19.35695426283958
484,485,-10.855031365472172
485,486,-15.756472826536552
486,487,-25.210374639769427
487,488,-29.212866760867797
488,489,-0.9067688378033125
489,490,-31.207706006151852
490,491,-29.574376241042913
491,492,-16.332617316589577
492,493,-16.038977263263078
493,494,-22.584871456822682
494,495,-12.417280155327234
495,496,-10.8619690320444
496,497,-15.253306713251817
497,498,-18.36498067551669
498,499,-20.261872684405517
499,500,-7.768002606712315
500,501,-2.6621756487025294
501,502,-32.897253129346325
502,503,-3.8898053447706786
503,504,-16.56858539933087
504,505,-19.83487784330245
505,506,-30.85895044204719
506,507,-25.18426910709873
507,508,-36.87334437086092
508,509,-14.04326401069072
509,510,-17.908952472549487
510,511,-25.37420051499295
511,512,-26.929803449659033
512,513,-27.785437311503642
513,514,0.9220563847429446
514,515,-9.028126569563042
515,516,-32.41015145313139
516,517,-23.261538461538464
517,518,-25.242352169277453
518,519,-19.336697322373226
519,520,-21.869034774670126
520,521,-21.18422156945026
521,522,-2.2676329316592074
522,523,-26.341766901700524
523,524,-32.82772764561116
524,525,-27.61459463972615
525,526,-31.602748481943124
526,527,-21.54089292769659
527,528,-21.210806385591468
528,529,-6.346483704974233
529,530,-18.76781154764845
530,531,-19.747641899718715
531,532,-17.616690240452627
532,533,-44.45199935243647
533,534,-17.870408928125244
534,535,-24.357782940590738
535,536,-10.90813605881877
536,537,-8.93504780745134
537,538,-20.957625089777395
538,539,-9.580098505718354
539,540,-23.789500509683975
540,541,-23.510183555443817
541,542,-1.859771681717504
542,543,-7.809781231522905
543,544,-38.08215767634856
544,545,-18.34415044100514
545,546,-11.195905459387518
546,547,-13.805051302288874
547,548,-18.602141814051578
548,549,-15.475467880627207
549,550,-22.011099146856623
550,551,-15.456848643347499
551,552,-10.839172102762305
552,553,-14.035845213849257
553,554,-16.660828955049638
554,555,-11.85986852653518
555,556,-19.99052785671232
556,557,-29.15130042676546
557,558,-17.64374205844979
558,559,-16.22626988199079
559,560,-27.302360749390914
560,561,-24.31056003994341
561,562,-24.503674985865416
562,563,-27.859314305016042
563,564,-17.8552588196505
564,565,-21.052361834799697
565,566,-9.410871033085769
566,567,-16.301673228346445
567,568,-13.793597304128014
568,569,-21.118070249682603
569,570,-15.268520838553414
570,571,-21.550869528690242
571,572,-33.53875742118903
572,573,-5.095169613399904
573,574,-16.75499388503873
574,575,-22.017835427644897
575,576,-27.422011479910154
576,577,-12.675585284280928
577,578,-24.597874299104532
578,579,-10.705242586455924
579,580,-4.383561643835634
580,581,-6.104289456450616
581,582,-34.579768495218914
582,583,-21.851206767852716
583,584,-33.940298507462686
584,585,-3.9882248568432743
585,586,-15.2236797847292
586,587,-13.64448526342153
587,588,-15.360324530703139
588,589,1.384602552339615
589,590,-13.073685947685462
590,591,-13.64292589027913
591,592,-30.611115631865886
592,593,-13.034602076124585
593,594,-17.89438834630029
594,595,-8.328988310486935
595,596,-39.3190613421161
596,597,-27.56973470954533
597,598,-24.41286152316235
598,599,-16.53113613779398
599,600,-39.08777686628383
600,601,-17.22624176896184
601,602,-5.070868767717201
602,603,-25.304105423213358
603,604,-11.250508171396078
604,605,-31.31399601063829
605,606,-21.441101729649986
606,607,-10.363153232949486
607,608,-11.711806681803466
608,609,-22.326923076923094
609,610,-12.793577589888102
610,611,-21.05164548712935
611,612,-2.242515219748171
612,613,-14.644827009861288
613,614,-14.299610894941651
614,615,-17.402467489163058
615,616,-8.124688279301722
616,617,-22.074742268041234
617,618,-27.92254974816278
618,619,-37.129760813401106
619,620,-28.721535458685736
620,621,-17.71968107427611
621,622,6.311588891603577
622,623,-16.0893272391949
623,624,-24.43007543728754
624,625,-8.547328180836047
625,626,-25.452754219138214
626,627,-12.899347303332192
627,628,-17.589457002252047
628,629,-29.535019131592094
629,630,-10.170039814200337
630,631,-33.5454107830552
631,632,-22.400546354789114
632,633,-18.56179590494203
633,634,-21.332790886899957
634,635,-32.4912130304329
635,636,-17.372281449893364
636,637,-35.288246429186
637,638,-32.26800725234875
638,639,2.556156747007776
639,640,-28.98804366660889
640,641,-14.09619272237201
641,642,-11.94128866406831
642,643,-7.8423739077775
643,644,-20.269865067466213
644,645,-47.139883430474605
645,646,-6.228489483747595
646,647,-24.988462524570565
647,648,-26.324381683127896
648,649,-25.90200831024933
649,650,-13.937603993344467
650,651,0.20212942937949663
651,652,-14.086791831357075
652,653,-4.89124979086499
653,654,-18.89189875560824
654,655,-16.637115839243506
655,656,-28.02543507362786
656,657,-12.538196155741758
657,658,-6.317854807063455
658,659,1.9218487394958572
659,660,-10.563764857051027
660,661,-0.6726039016115237
661,662,-13.150445425027044
662,663,-17.600505689001253
663,664,-35.026804123711344
664,665,-5.90460109750947
665,666,-26.499503475670295
666,667,-10.519165453663277
667,668,-19.44395125494313
668,669,-5.868636829518266
669,670,-17.85976654966943
670,671,-3.3259668508287206
671,672,-33.652660143080354
672,673,-16.47173016258185
673,674,-17.73634281975791
674,675,-23.214606649783533
675,676,-2.4809531528610904
676,677,-27.396000337524285
677,678,-9.688416115252537
678,679,-25.0485277183747
679,680,-26.373230794403995
680,681,-19.583648750946296
681,682,4.385542168674732
682,683,-11.031126839861685
683,684,-27.564412574001494
684,685,-19.85615038823046
685,686,-20.67564156499789
686,687,-6.420641264765962
687,688,-27.750666558939983
688,689,-15.620525059665852
689,690,-10.845943934507545
690,691,-15.772406674694679
691,692,-15.386874790198064
692,693,-14.062340316811444
693,694,0.8666176590704566
694,695,-15.862852334875896
695,696,-7.01284434679738
696,697,-21.916041473489003
697,698,-21.529143972034802
698,699,-33.15536437246965
699,700,-3.7397598027519194
700,701,-14.091847691418181
701,702,-35.096393551603796
702,703,-3.6119754436127636
703,704,-6.052031421572806
704,705,-9.43303138142997
705,706,-12.91378478365769
706,707,-30.03898002273833
707,708,-23.48629172533751
708,709,-15.391810946090104
709,710,-24.395565722329778
710,711,-19.63630459490176
711,712,-12.00758228502498
712,713,-32.210997018880434
713,714,-13.966291183196418
714,715,-17.70651277823582
715,716,-21.22047908232119
716,717,-19.079125248508916
717,718,-20.406510921818338
718,719,-15.019803685207506
719,720,-23.66661148816422
720,721,-6.56648451730419
721,722,-20.07880688077283
722,723,-22.843870755570208
723,724,-20.743971689572888
724,725,-3.6854579312679903
725,726,-27.473994594151833
726,727,-0.09741881765191351
727,728,-8.076541577120153
728,729,-8.939535674802272
729,730,2.759748644228253
730,731,-13.073843795247456
731,732,-29.330833333333345
732,733,-21.17953895339052
733,734,-20.978388339755412
734,735,-19.74543026458562
735,736,-6.446981781546441
736,737,-17.489107632725492
737,738,-24.155054471750702
738,739,-38.05703238279363
739,740,-15.219160661297138
740,741,-3.205160425567584
741,742,-14.156988715921244
742,743,-24.25992470910336
743,744,-6.509056892592923
744,745,1.2396626545484253
745,746,-22.058658095620743
746,747,-16.23768877216021
747,748,-8.88980739026205
748,749,-28.253929473084156
749,750,-22.7892613028082
750,751,-12.011898776604625
751,752,-27.373678514942156
752,753,-26.52949839729706
753,754,-5.4019238812212365
754,755,-9.608144138321094
755,756,1.821829198395136
756,757,-12.18598138538836
757,758,-6.493121344427081
758,759,-18.73187815605148
759,760,-20.010655737704923
760,761,-28.53899392302499
761,762,-21.01068200493016
762,763,-43.667228306655424
763,764,-22.413028649386106
764,765,-30.857575248024204
765,766,-24.040462909000084
766,767,-30.885908262957443
767,768,-1.5363057324840383
768,769,-10.946976113840407
769,770,-0.9068751050596546
770,771,-8.184531211141518
771,772,-32.42350851699362
772,773,-24.843094478939406
773,774,-21.2218594260182
774,775,-26.13224788170794
775,776,-7.719035743973407
776,777,-12.69418933997079
777,778,-14.66118584952666
778,779,-10.798596608470461
779,780,-41.630220322262424
780,781,-30.151233749005044
781,782,-14.04682274247493
782,783,8.613198301208769
783,784,-38.120503597122294
784,785,-30.41436464088399
785,786,-6.065331582403161
786,787,-28.843584032893602
787,788,-20.484183344092926
788,789,-22.735247868906725
789,790,-13.205650186954742
790,791,-15.060688630170887
791,792,-12.649925656699168
792,793,-23.851257269227645
793,794,-7.655674589889514
794,795,-15.711956055274229
795,796,-15.222435522911269
796,797,-21.924473493100948
797,798,-16.66362050344773
798,799,0.8974464920254945
799,800,-29.012345679012327
800,801,-6.295580574693375
801,802,-21.70919201831863
802,803,-2.610200214220953
803,804,-23.02257829570283
804,805,-9.30006811989098
805,806,-14.338032733754659
806,807,-10.89655748663101
807,808,-9.448407431984066
808,809,-8.958966565349513
809,810,-30.22592836017087
810,811,-45.19108826049701
811,812,-24.739648421228026
812,813,-13.237174095878885
813,814,-26.959836065573768
814,815,-22.088572114999593
815,816,-13.872785171878832
816,817,-25.969951025151488
817,818,-5.98799791268047
818,819,-25.725434253587338
819,820,-21.016488046166543
820,821,-16.01833333333329
821,822,-33.48328518365665
822,823,-2.908950617283935
823,824,-21.70804284985546
824,825,-21.68548039638084
825,826,-1.0636884497217949
826,827,-28.178788636174275
827,828,-25.287625418060173
828,829,-17.735817528615613
829,830,-26.912442396313367
830,831,-21.000418235048073
831,832,-22.186645213193884
832,833,-4.420046499612511
833,834,-18.39950062421974
834,835,-20.68172206715724
835,836,-19.9464359291306
836,837,-36.887314769581515
837,838,-21.801636333277685
838,839,-8.770451570680578
839,840,-26.548515354030954
840,841,-26.01847963040737
841,842,-22.430198228595515
842,843,-9.310460531834579
843,844,-4.302512886597896
844,845,4.395686437163036
845,846,-35.144532540469115
846,847,-13.034311699049212
847,848,-25.601374570446723
848,849,-9.023512676763445
849,850,-19.144434222631077
850,851,-17.55464366468469
851,852,-1.0563322028290116
852,853,-16.4710709889208
853,854,-10.236594351207557
854,855,-9.032073310423812
855,856,-23.229793194364333
856,857,-15.396452790818984
857,858,-19.477058029689616
858,859,-5.154859967051124
859,860,-17.029984490780606
860,861,-26.10377518198746
861,862,-4.680921597878324
862,863,-30.773319615912172
863,864,-10.39815976578835
864,865,-32.65682349015684
865,866,-25.366983864294582
866,867,-12.923233350279617
867,868,-23.416694829334247
868,869,-18.367912641747154
869,870,-16.502103341535047
870,871,-6.537238493723834
871,872,-24.359579838775346
872,873,-27.209774245370753
873,874,-16.334577316242104
874,875,-25.575323284737678
875,876,-38.94944512946981
876,877,-3.9942480121806625
877,878,-21.232808616404284
878,879,-3.351195713028858
879,880,-31.4922999665216
880,881,-1.8993519481558678
881,882,-23.320013048442362
882,883,-34.45653069633293
883,884,-22.541684299619106
884,885,2.346294449983418
885,886,-11.887662658540606
886,887,-17.25909537856441
887,888,-18.875602059458558
888,889,-16.431217376662715
889,890,-23.338136814444383
890,891,-27.823800131492433
891,892,-28.538330217055545
892,893,-25.3813342433032
893,894,-27.03044178750109
894,895,-21.44483437473251
895,896,-33.151799949651746
896,897,-17.160015804030024
897,898,-33.47250859106529
898,899,-23.43971631205676
899,900,-23.247238601445048
900,901,-15.03621967654989
901,902,-11.291759465478819
902,903,-20.938700384122967
903,904,-27.689649359406616
904,905,-28.2726447031624
905,906,-17.577096114519463
906,907,-19.525146585184572
907,908,-18.766978446523012
908,909,-27.664203612479483
909,910,-24.2471325144391
910,911,-15.171032604341889
911,912,-19.384602811376283
912,913,-16.140632932814327
913,914,-43.73052245646195
914,915,-34.61206896551724
915,916,-4.253132832080183
916,917,-21.14526524541398
917,918,5.24403248297925
918,919,-6.688625750500293
919,920,-19.767611928170936
920,921,-15.341256086490034
921,922,-35.82007591052249
922,923,-9.690382081686494
923,924,-28.62967061026471
924,925,-21.41797808354619
925,926,-11.630998702983149
926,927,-22.974410945021532
927,928,-34.89591567852436
928,929,-26.81528127623845
929,930,-29.220920502092056
930,931,-23.418710110849844
931,932,-11.400129491744977
932,933,-30.66240026595746
933,934,-12.3726310607925
934,935,-6.403589700578678
935,936,-21.751830892143815
936,937,-7.027471623622304
937,938,-12.436830484912903
938,939,-5.001229407425612
939,940,-21.087285570131158
940,941,0.6207418622255574
941,942,-32.29625959871191
942,943,-14.401182432432407
943,944,-21.640163183748243
944,945,-31.32378652901508
945,946,-19.157303370786508
946,947,-22.884424603174594
947,948,1.1658564719452755
948,949,-18.534288809265902
949,950,-28.154279092865394
950,951,-16.853515287614414
951,952,-26.508272882875545
952,953,-24.400295542237913
953,954,-24.055463576158957
954,955,-9.040562283004533
955,956,-18.482873851294883
956,957,-33.841075794621034
957,958,-29.021558872305135
958,959,-13.20967343917087
959,960,-18.583138173302103
960,961,-3.203984408834998
961,962,-15.507258196052831
962,963,-8.843881856540108
963,964,-18.901126618463095
964,965,-5.672245128951431
965,966,-16.99513080795579
966,967,-27.387061495751666
967,968,-22.022687463508205
968,969,-36.71197248091281
969,970,-9.675215117259981
970,971,-14.410832119290433
971,972,-17.303559974342534
972,973,-37.47848889617309
973,974,-19.608259687287585
974,975,-10.362289342994373
975,976,-22.023411371237458
976,977,-2.562689666187495
977,978,-35.20215633423179
978,979,-10.63227535382299
979,980,-11.303446488727658
980,981,-24.813263823604842
981,982,-5.409238249594793
982,983,-9.008102136017655
983,984,-24.158221641059157
984,985,-21.231613262304236
985,986,-22.403132728771638
986,987,-2.3476881989651304
987,988,-2.229997470702287
988,989,-10.0520958563757
989,990,-20.250085062946567
990,991,-24.92830943647884
991,992,-24.045046542553195
992,993,-17.850759219088957
993,994,-5.062572040177841
994,995,-37.858939953035886
995,996,-8.71835708298407
996,997,-20.018178813419283
997,998,-28.830718414533436
998,999,-17.59525347110106
999,1000,-8.259991586032783
1000,1001,-26.878910874344683
1001,1002,-36.385800181204175
1002,1003,-4.197037776668338
1003,1004,-21.34451567577061
1004,1005,-21.546159619714786
1005,1006,-33.38083861932614
1006,1007,-3.9517641043122183
1007,1008,-21.350640814985226
1008,1009,-10.393812709030115
1009,1010,-23.22498354180381
1010,1011,-18.35954283750108
1011,1012,-16.233625365039643
1012,1013,-16.036758157234217
1013,1014,-4.2317632346810825
1014,1015,-13.568415724649924
1015,1016,-24.79866346812885
1016,1017,-26.875106346775567
1017,1018,-20.441514249255633
1018,1019,-14.609337007618748
1019,1020,-15.34383114163667
1020,1021,-30.375032108913416
1021,1022,-19.728265543038958
1022,1023,-15.605568841817558
1023,1024,-24.01924686192467
1024,1025,-6.337355455002509
1025,1026,-41.09307717787345
1026,1027,-21.858341559723584
1027,1028,-15.471994705055025
1028,1029,-24.73365518370018
1029,1030,-24.44208559782608
1030,1031,-39.1119504942538
1031,1032,-0.06165734955611413
1032,1033,-29.550835654596085
1033,1034,-32.19012515000857
1034,1035,-20.169574834111586
1035,1036,-20.23434797647873
1036,1037,-13.905345590738847
1037,1038,-33.74412661775614
1038,1039,-20.36839950880065
1039,1040,-21.266089004795163
1040,1041,-35.55287633482604
1041,1042,-27.36820696387896
1042,1043,-0.3135918937805542
1043,1044,-9.926866173503697
1044,1045,-12.490784182305632
1045,1046,-1.2201524132091635
1046,1047,-16.95169442373023
1047,1048,-30.882857843537977
1048,1049,-12.669915147441827
1049,1050,-19.189325276938575
1050,1051,-16.713786936898586
1051,1052,-27.192636423405688
1052,1053,-13.578835633216272
1053,1054,-17.978917662682605
1054,1055,-20.326889571061145
1055,1056,-15.315338042381427
1056,1057,-15.74596268094723
1057,1058,-31.553166069295102
1058,1059,-25.755959326554446
1059,1060,-25.23026864675454
1060,1061,-7.915051679586554
1061,1062,-19.79325621461973
1062,1063,-21.11424307743323
1063,1064,-18.099914602903468
1064,1065,-23.319526137022635
1065,1066,-25.475022857617816
1066,1067,-20.169802295918373
1067,1068,-29.491258596404023
1068,1069,-11.989016646644927
1069,1070,-15.126767634507559
1070,1071,-31.746317231928728
1071,1072,-8.082846952010428
1072,1073,-4.811210911510273
1073,1074,-13.797564048719025
1074,1075,-16.022220420079478
1075,1076,-12.779492455418378
1076,1077,-25.310103935934563
1077,1078,-14.282647892161108
1078,1079,-33.27835388258349
1079,1080,-28.35586159993197
1080,1081,-17.095115681233878
1081,1082,-9.609123212957613
1082,1083,-33.434039996566796
1083,1084,-14.483892176199873
1084,1085,-14.541197732687124
1085,1086,-7.56775783174939
1086,1087,-28.184666117065078
1087,1088,-20.035951106495162
1088,1089,-15.859077272358718
1089,1090,-15.50595737539858
1090,1091,-3.6140610850415698
1091,1092,-19.125925925925927
1092,1093,-23.592660844483632
1093,1094,-5.1305483028720715
1094,1095,-14.528170848163924
1095,1096,-26.499917450883288
1096,1097,-12.283273305972017
1097,1098,-33.95267083940668
1098,1099,-15.28107271789581
1099,1100,-5.642982971227241
1100,1101,-1.4286862839684886
1101,1102,-14.870657178735868
1102,1103,-7.130876747141031
1103,1104,-24.30130656469089
1104,1105,-14.938476887263036
1105,1106,-14.19291659866164
1106,1107,-16.55865090518313
1107,1108,-25.172384796501845
1108,1109,-13.449419568822577
1109,1110,-22.46865720884196
1110,1111,-26.909733640249968
1111,1112,-13.648891551827475
1112,1113,-8.8731330760195
1113,1114,4.382493020200371
1114,1115,-30.547672392332586
1115,1116,-14.400578575682815
1116,1117,-28.221102206064586
1117,1118,-6.057302231237344
1118,1119,-22.79963555040173
1119,1120,-25.08211831741245
1120,1121,-8.669185903228481
1121,1122,-22.895923956822912
1122,1123,-20.48186659903631
1123,1124,-31.480528107614404
1124,1125,-30.21984308597584
1125,1126,-18.470781466113408
1126,1127,-5.982620320855617
1127,1128,-21.74061725228694
1128,1129,-14.363916730917495
1129,1130,-14.376079624907462
1130,1131,-24.564785702465628
1131,1132,-18.569846678023836
1132,1133,-27.786047272429897
1133,1134,-13.900874635568542
1134,1135,-25.76211525867717
1135,1136,-28.09121909633417
1136,1137,-16.267214096313367
1137,1138,-25.894045384746647
1138,1139,-20.392425670465272
1139,1140,-5.540279989940473
1140,1141,-23.232282834746414
1141,1142,-8.44347396176667
1142,1143,-34.677777777777806
1143,1144,-26.797473684210544
1144,1145,-21.702507506289038
1145,1146,-8.073036093418253
1146,1147,-19.412976313079298
1147,1148,-5.165662650602414
1148,1149,-17.092046623243064
1149,1150,-13.79559589847031
1150,1151,-21.44405508923481
1151,1152,-14.281618610747074
1152,1153,-18.140437835605113
1153,1154,-5.162209740967398
1154,1155,-26.528552674762082
1155,1156,-18.702744691869498
1156,1157,-26.987416728349373
1157,1158,-15.606373815676136
1158,1159,-19.75936046985889
1159,1160,-15.151590251961991
1160,1161,-9.994983697015343
1161,1162,-7.296333167413323
1162,1163,-27.235383064516114
1163,1164,-3.0727350063802135
1164,1165,-19.720651812437666
1165,1166,-16.00308391494883
1166,1167,-25.77930333079074
1167,1168,-3.4785119194918934
1168,1169,-28.661971830985934
1169,1170,-14.999588172308705
1170,1171,-13.489552491328979
1171,1172,-17.95390482507048
1172,1173,4.530582045379845
1173,1174,-21.67186218211647
1174,1175,-4.9790021837728915
1175,1176,-9.506679542893892
1176,1177,-15.353339787028062
1177,1178,-23.660933660933665
1178,1179,-30.374618367852094
1179,1180,-23.467362924282
1180,1181,-30.803216250528976
1181,1182,-4.143182928815776
1182,1183,-13.739188848769786
1183,1184,-30.212659910284117
1184,1185,-18.165889728339508
1185,1186,-22.370156636438594
1186,1187,-23.525290498974698
1187,1188,-21.198255287630644
1188,1189,-27.98523805661452
1189,1190,-9.443759756798968
1190,1191,-6.0684044496098295
1191,1192,-22.71895313034554
1192,1193,-22.501246882793026
1193,1194,-27.005599285888195
1194,1195,-3.492338111715327
1195,1196,-29.786476868327412
1196,1197,-10.519989984141517
1197,1198,-22.184015660907306
1198,1199,-20.39983746444537
1199,1200,-19.880842493916234
1200,1201,-27.27942421676545
1201,1202,-15.88821019161577
1202,1203,-10.130493955648063
1203,1204,-6.6666666666667425
1204,1205,-10.237407763875552
1205,1206,8.758248350329893
1206,1207,-19.050741864087257
1207,1208,-10.935754189944106
1208,1209,-18.383439704400388
1209,1210,-21.003799071338122
1210,1211,-19.98825503355704
1211,1212,-21.351398754713685
1212,1213,-14.720279720279692
1213,1214,-12.414164869795982
1214,1215,-15.02406931964056
1215,1216,-26.1103264933123
1216,1217,-19.0876199465157
1217,1218,-20.204253882511836
1218,1219,-6.989723452251681
1219,1220,-21.998639224357902
1220,1221,-30.44696845889851
1221,1222,-24.771709937332147
1222,1223,-14.526858616244112
1223,1224,-11.899792960662523
1224,1225,-4.109854876814026
1225,1226,-21.3060510085014
1226,1227,-19.3200430143105
1227,1228,-18.143707554288554
1228,1229,-11.978731784167024
1229,1230,-20.18798562954298
1230,1231,-16.76004361318458
1231,1232,-20.406023795656864
1232,1233,8.410704087460203
1233,1234,-32.892868933641466
1234,1235,-25.669790039909785
1235,1236,-18.419611534183304
1236,1237,-21.727249510513317
1237,1238,-8.810927509756723
1238,1239,-24.044727364100865
1239,1240,-22.924467398321497
1240,1241,-17.19368579303432
1241,1242,-13.700168918918862
1242,1243,-33.32413908391841
1243,1244,-8.436351201162651
1244,1245,-17.248810038944157
1245,1246,-25.756601218686498
1246,1247,0.8639398998330421
1247,1248,-20.954828014919187
1248,1249,-31.687756497947987
1249,1250,-32.85330647868412
1250,1251,-23.02176063303662
1251,1252,-12.24133569440933
1252,1253,-12.980121433918299
1253,1254,-20.65061224489797
1254,1255,-21.229333769847784
1255,1256,-17.59924869802782
1256,1257,-34.526448164741026
1257,1258,-3.905397704143965
1258,1259,-10.626496079240582
1259,1260,-29.98575617930456
1260,1261,-20.809083844227644
1261,1262,-25.46139044591314
1262,1263,-5.373642405576277
1263,1264,-23.71207012811871
1264,1265,-14.276178556529032
1265,1266,-18.027024853213206
1266,1267,-26.149877357692617
1267,1268,-10.412207357859515
1268,1269,-7.23235857702241
1269,1270,-21.872747086931014
1270,1271,-1.8116245911263889
1271,1272,-14.300156160105217
1272,1273,-25.607461343369053
1273,1274,-2.763424518743662
1274,1275,-16.779298545765613
1275,1276,-25.846407211580143
1276,1277,-12.095174037329699
1277,1278,-23.503195017390624
1278,1279,-34.4500621632822
1279,1280,-37.332837424580546
1280,1281,-8.784561744912025
1281,1282,-21.732730336082312
1282,1283,-16.194624191139866
1283,1284,-16.49885194319245
1284,1285,-21.779878908517887
1285,1286,-18.256676557863486
1286,1287,-29.556993121519838
1287,1288,-20.483635426509764
1288,1289,-11.546206106245393
1289,1290,1.481734380334558
1290,1291,-29.04408768641511
1291,1292,-14.247766043866733
1292,1293,-14.09003591414016
1293,1294,-20.12192167945092
1294,1295,-21.24145316747675
1295,1296,-34.353942048517524
1296,1297,-21.362833347354254
1297,1298,11.061668681983079
1298,1299,-8.011943269469995
1299,1300,-31.41393442622949
1300,1301,-21.86530681051923
1301,1302,-13.94809212787898
1302,1303,-15.466230045026592
1303,1304,-5.277845777233779
1304,1305,-4.910929224843514
1305,1306,4.701049377694645
1306,1307,-31.26120741183503
1307,1308,-19.48107295061419
1308,1309,-9.668489692890176
1309,1310,-26.049382716049365
1310,1311,-6.0699638118214665
1311,1312,-27.763573232323267
1312,1313,19.28033472803348
1313,1314,-10.50571104717065
1314,1315,-19.282665104210267
1315,1316,-8.893309516076627
1316,1317,-17.538735077470193
1317,1318,0.3003401642744734
1318,1319,-10.902497985495543
1319,1320,-17.81994110222969
1320,1321,-21.93158953722333
1321,1322,-38.68780487804878
1322,1323,-20.794919246298804
1323,1324,-7.3911229768062725
1324,1325,-19.0516166569695
1325,1326,-19.086620926243583
1326,1327,-18.679229756418678
1327,1328,-8.990977568082101
1328,1329,-14.257181710011906
1329,1330,-4.40375970576217
1330,1331,-9.07572105394398
1331,1332,-7.775183455637091
1332,1333,-19.157111868608595
1333,1334,-12.967014330535122
1334,1335,-13.997190314850016
1335,1336,-3.4242299794661335
1336,1337,-35.08241530688312
1337,1338,-18.155132690502597
1338,1339,-15.352845805956122
1339,1340,-0.1979881845760474
1340,1341,-26.154286181253596
1341,1342,5.676957643338625
1342,1343,-9.291519579673292
1343,1344,2.82846875273907
1344,1345,-14.828296137692533
1345,1346,-5.2735739231664525
1346,1347,-24.582010582010554
1347,1348,-10.669891172914177
1348,1349,-23.541114058355433
1349,1350,-21.084617854849057
1350,1351,-4.216239316239324
1351,1352,1.7532095837762682
1352,1353,-26.558630432975974
1353,1354,-6.002928257686648
1354,1355,-9.519839679358668
1355,1356,-13.290906045888491
1356,1357,-25.70969866622754
1357,1358,-33.859462988655835
1358,1359,-15.946081714668452
1359,1360,-17.91081750619324
1360,1361,-30.43757934828608
1361,1362,-20.803483404535
1362,1363,-20.870343534225526
1363,1364,-21.13138994507814
1364,1365,-2.1295843520782256
1365,1366,-2.1268877077533404
1366,1367,-25.797779076563415
1367,1368,-6.564996368917932
1368,1369,-23.24131289623628
1369,1370,-19.335623324396778
1370,1371,-14.242751516158478
1371,1372,-22.396742780389502
1372,1373,-13.680660265058336
1373,1374,-16.271755988281924
1374,1375,-10.58178191489364
1375,1376,-18.367262152056526
1376,1377,-1.4911322182063316
1377,1378,-12.903006624766405
1378,1379,-6.801539847653373
1379,1380,-29.483157199471606
1380,1381,-17.151914785696135
1381,1382,-1.9537525354969318
1382,1383,-20.80306698950764
1383,1384,-12.641910265125716
1384,1385,-5.707531790022841
1385,1386,-14.466159052453477
1386,1387,-13.132389675270645
1387,1388,-12.553447998714034
1388,1389,1.256884504726628
1389,1390,-20.21867660160362
1390,1391,-24.071465383954646
1391,1392,-16.22639844715016
1392,1393,-27.58243592954338
1393,1394,-5.869369737595036
1394,1395,-29.713009676618924
1395,1396,-12.736261954935983
1396,1397,-21.31614199598127
1397,1398,-1.7494403449133387
1398,1399,-26.63266145619089
1399,1400,-33.12945560596238
1400,1401,-35.1895238892143
1401,1402,-12.056215492722117
1402,1403,-5.276870163370617
1403,1404,-18.53632212536324
1404,1405,-8.49571052408055
1405,1406,-24.60488626790226
1406,1407,-28.35837748631981
1407,1408,-15.79896249681093
1408,1409,-13.746439905606636
1409,1410,-41.180395387149915
1410,1411,-14.96649172385952
1411,1412,-15.676316650310724
1412,1413,-2.453014400781072
1413,1414,-26.514290489720878
1414,1415,-16.975004111165887
1415,1416,-12.585821491298105
1416,1417,-20.758494641521963
1417,1418,-16.27718060228112
1418,1419,-12.793058284217437
1419,1420,-21.315855810436105
1420,1421,-28.68304504052817
1421,1422,-11.64678820923497
1422,1423,-6.634607342978981
1423,1424,-31.606616442843134
1424,1425,-3.121151678085141
1425,1426,-27.189839347295802
1426,1427,-28.688770409863338
1427,1428,-16.838585639053747
1428,1429,-22.384912634408593
1429,1430,-11.892302498311935
1430,1431,-0.8140531276777665
1431,1432,-24.409646625355848
1432,1433,-29.300137863920185
1433,1434,-30.8717402000984
1434,1435,-9.184179053476868
1435,1436,-27.413836477987402
1436,1437,-21.680280046674454
1437,1438,-13.265391014975037
1438,1439,-10.79613215149071
1439,1440,-27.376076235058107
1440,1441,-37.971487461353505
1441,1442,-17.5578406169666
1442,1443,-31.05666875391357
1443,1444,-10.721108338352991
1444,1445,-27.291049687397177
1445,1446,-37.11188636929978
1446,1447,-13.586373854400819
1447,1448,-19.565531641503384
1448,1449,-6.634092454112846
1449,1450,-14.42163123433832
1450,1451,-24.687093134276566
1451,1452,-8.727227966518967
1452,1453,14.111642226363102
1453,1454,-12.622543120738044
1454,1455,-14.230933469980329
1455,1456,-18.054581872809223
1456,1457,-11.363453653830732
1457,1458,-11.48116438356169
1458,1459,9.102346140768475
1459,1460,-26.782190531465048
1460,1461,-18.774250440917115
1461,1462,-10.571262265092273
1462,1463,-17.562783038287392
1463,1464,-18.606015534622372
1464,1465,-10.926432848588547
1465,1466,-13.358658848790128
1466,1467,-23.656428331654936
1467,1468,-18.41599190283401
1468,1469,-11.029424092547586
1469,1470,-16.877000842459992
1470,1471,-3.6758120980216376
1471,1472,-23.32902391725922
1472,1473,-10.164179104477611
1473,1474,-26.491692752227294
1474,1475,-9.319469101361051
1475,1476,-22.289361702127607
1476,1477,-16.027140052914532
1477,1478,-27.658773324408003
1478,1479,-22.00598546387343
1479,1480,-21.73483437272212
1480,1481,-19.916944943916434
1481,1482,-18.793986184477887
1482,1483,-12.449366046435017
1483,1484,-14.193142761337882
1484,1485,-21.12495900295177
1485,1486,-10.10726957669776
1486,1487,-20.11405596127021
1487,1488,-13.541345659989716
1488,1489,-5.562295081967221
1489,1490,-21.606412290222934
1490,1491,-17.290561589627018
1491,1492,-6.783858395582968
1492,1493,-19.026198714779994
1493,1494,-20.083526298379113
1494,1495,-6.626993966443479
1495,1496,-10.189166666666665
1496,1497,-12.53375041159039
1497,1498,-21.895081402360233
1498,1499,-13.089977316642887
1499,1500,-16.617563278261585
1500,1501,-23.462467716404177
1501,1502,-19.86350395339157
1502,1503,-7.189482470784625
1503,1504,-1.9375321777930026
1504,1505,-17.95797018815672
1505,1506,-22.81676005687045
1506,1507,-33.539311937958914
1507,1508,-11.051464063886428
1508,1509,-1.0228916687941734
1509,1510,-10.557792316725383
1510,1511,-14.064964004113861
1511,1512,-34.502485466340886
1512,1513,-17.745738410068526
1513,1514,-9.586783635320174
1514,1515,-7.602575745067298
1515,1516,-6.0300751879699135
1516,1517,-19.38991596638658
1517,1518,-14.301568154402915
1518,1519,-12.441552181248511
1519,1520,-5.739768275402156
1520,1521,-12.611705981805017
1521,1522,-25.53182614499042
1522,1523,-25.454694010948614
1523,1524,-21.213447877085727
1524,1525,-25.948553054662398
1525,1526,-19.519021957693255
1526,1527,-20.2519839646568
1527,1528,-19.49244060475162
1528,1529,-28.379534565366185
1529,1530,-21.279244652406405
1530,1531,-22.319920516641815
1531,1532,-17.092000676475536
1532,1533,-21.853203568532038
1533,1534,-32.54730952772749
1534,1535,-21.96198347107439
1535,1536,-19.932195082101146
1536,1537,-19.93715892177937
1537,1538,-11.516945516945512
1538,1539,-14.4417657328124
1539,1540,-7.207534128218441
1540,1541,-3.6471941500287244
1541,1542,-29.547179357450048
1542,1543,-29.412829798241106
1543,1544,-9.788505004843373
1544,1545,1.7856843165226337
1545,1546,-13.60039646485501
1546,1547,-23.24223602484473
1547,1548,-12.22336416581021
1548,1549,-4.0299882727425285
1549,1550,-15.45322759444015
1550,1551,-13.371400603638122
1551,1552,-31.23518196136949
1552,1553,-23.096853289742555
1553,1554,-12.911742519487063
1554,1555,-17.97343868202067
1555,1556,-26.158291457286424
1556,1557,-8.462121212121176
1557,1558,-13.916832669322702
1558,1559,-18.321360746428866
1559,1560,-20.948312686885956
1560,1561,-5.565128380107495
1561,1562,-17.044093178036604
1562,1563,-4.8167107001320915
1563,1564,-27.184522329936215
1564,1565,-28.078118437631232
1565,1566,-34.42955680646952
1566,1567,-6.52808895527339
1567,1568,-25.25569578757583
1568,1569,-9.294117647058854
1569,1570,-17.671890798786663
1570,1571,-15.975051975051954
1571,1572,-13.251773917298763
1572,1573,-2.8503988279342565
1573,1574,-1.555278470490478
1574,1575,-27.746885570497497
1575,1576,-14.808386320673634
1576,1577,-4.91933461506305
1577,1578,-32.78703398218411
1578,1579,-19.35136045825962
1579,1580,-20.427482223935584
1580,1581,-16.25041213320145
1581,1582,-24.098884880288622
1582,1583,-7.8860706860706955
1583,1584,-15.565339038841302
1584,1585,-27.42316203589867
1585,1586,-12.681253027611831
1586,1587,-16.965630681326274
1587,1588,0.7250805186225193
1588,1589,-36.54680509833713
1589,1590,-3.1313801975267523
1590,1591,-24.686825053995662
1591,1592,-13.679973981624528
1592,1593,-17.785490001652605
1593,1594,-21.518534299105255
1594,1595,-18.26913456728363
1595,1596,-20.123507616303
1596,1597,-5.667686034658473
1597,1598,-12.083438685208606
1598,1599,-24.554166666666674
1599,1600,-21.49179795354877
1600,1601,-24.800349497597225
1601,1602,-7.074539363484092
1602,1603,-13.256479299899041
1603,1604,-23.3688717259906
1604,1605,-7.844126260982733
1605,1606,-29.835449381891095
1606,1607,-14.442713741779144
1607,1608,-30.14303228442992
1608,1609,-24.554713804713785
1609,1610,-6.613592558451373
1610,1611,-10.44297146552421
1611,1612,-9.658333333333317
1612,1613,-25.070340946706366
1613,1614,-31.893329036416375
1614,1615,-24.706511016113126
1615,1616,-20.14426001564263
1616,1617,-17.673072081899804
1617,1618,-19.140112089671717
1618,1619,-22.752910313166126
1619,1620,-25.95340673368436
1620,1621,-23.430038510911416
1621,1622,-30.19348437241608
1622,1623,4.320257017247187
1623,1624,-16.647464503042613
1624,1625,-3.4553168920710675
1625,1626,-21.428102967699616
1626,1627,-24.458238324465853
1627,1628,-25.107883112470248
1628,1629,-15.875132103081043
1629,1630,-30.992592592592587
1630,1631,-17.894736842105274
1631,1632,-13.81987577639751
1632,1633,-28.444151130176536
1633,1634,-0.5862430449157614
1634,1635,-9.84649122807015
1635,1636,4.634928893513759
1636,1637,-6.066752868918684
1637,1638,-23.1411513859275
1638,1639,-23.629961057254107
1639,1640,2.415181631254299
1640,1641,-5.561382393397551
1641,1642,-16.852565750021412
1642,1643,-14.792184136446451
1643,1644,-16.85879452520618
1644,1645,-16.650119963597263
1645,1646,-4.170451730118074
1646,1647,-16.90472189547974
1647,1648,-0.4528643050875303
1648,1649,-9.826460623088991
1649,1650,-27.81902552204177
1650,1651,-13.479358358439868
1651,1652,-19.81525773195878
1652,1653,-14.382340334333492
1653,1654,-12.615143775232767
1654,1655,-25.10411502231038
1655,1656,-13.470124753775451
1656,1657,-32.2179487179487
1657,1658,-25.77911244577909
1658,1659,-22.71311338134315
1659,1660,-29.409475465313022
1660,1661,-21.162733327851313
1661,1662,-22.07357859531774
1662,1663,-10.452075098814277
1663,1664,-2.474085496444772
1664,1665,-17.996039603960412
1665,1666,-17.416334174741465
1666,1667,-23.254348374086206
1667,1668,-15.110004817729248
1668,1669,-15.872562205783481
1669,1670,-18.35383996783277
1670,1671,-18.15087630175259
1671,1672,-8.090228095278192
1672,1673,-29.273153575615467
1673,1674,-24.773081657775975
1674,1675,-8.23036377775857
1675,1676,-32.37551431690319
1676,1677,-0.7547484171943211
1677,1678,-4.066538814308359
1678,1679,-28.139276242621264
1679,1680,-23.516717843739272
1680,1681,-9.25397877984085
1681,1682,10.947969872738298
1682,1683,-25.959522067788328
1683,1684,-18.444535743631874
1684,1685,-14.068582020389243
1685,1686,-5.767133629729045
1686,1687,-2.2711424633097437
1687,1688,-16.687668010752688
1688,1689,-16.307328219356947
1689,1690,-23.660805735745967
1690,1691,-18.72305002913511
1691,1692,-20.859200823186413
1692,1693,-19.112153518123677
1693,1694,-13.219166803886068
1694,1695,-20.875746613947996
1695,1696,-12.130834922477447
1696,1697,-23.18869003840811
1697,1698,-28.10086361414369
1698,1699,-27.38753748750416
1699,1700,-19.51398747390391
1700,1701,-28.16453594554207
1701,1702,-1.4680455683930091
1702,1703,-13.984153461217687
1703,1704,-12.959192259150171
1704,1705,-25.04504504504503
1705,1706,3.491958762886611
1706,1707,-15.839066957543196
1707,1708,-24.273545874908734
1708,1709,-14.216192937123154
1709,1710,-36.18210862619811
1710,1711,-38.70278286661431
1711,1712,-33.38831886345699
1712,1713,-17.242710472279214
1713,1714,-32.94322507491697
1714,1715,-18.129021475724883
1715,1716,-37.59551706571577
1716,1717,0.3072972749109226
1717,1718,-25.13582905416601
1718,1719,-21.720150816925027
1719,1720,-15.423688011555114
1720,1721,-10.957653621840919
1721,1722,-14.835191866185653
1722,1723,-22.868605817452362
1723,1724,-10.559737347853954
1724,1725,-15.635791443395448
1725,1726,-16.307588075880716
1726,1727,-26.373331094130464
1727,1728,-21.850569860700702
1728,1729,-25.09619254608387
1729,1730,-14.960857025133862
1730,1731,-8.664128321451699
1731,1732,-23.463389916392202
1732,1733,-16.967763050237266
1733,1734,-7.799966577540118
1734,1735,-31.889576795861245
1735,1736,-29.425194300518115
1736,1737,-19.454094292803987
1737,1738,-15.057745917960943
1738,1739,-14.801713062098472
1739,1740,-19.628183223496862
1740,1741,-25.28073856483421
1741,1742,-14.070100728851017
1742,1743,-17.446290336609565
1743,1744,-8.347366683176531
1744,1745,-27.428455941794667
1745,1746,-14.78139611188584
1746,1747,-5.836484329047991
1747,1748,-33.837754771918455
1748,1749,-7.4207768443816065
1749,1750,-19.391362909335825
1750,1751,-14.832753767180009
1751,1752,-12.973345984645917
1752,1753,-7.11910896849804
1753,1754,-36.535567715458264
1754,1755,-21.365968884906735
1755,1756,-26.402590931738928
1756,1757,-12.757951573441332
1757,1758,-23.014865542007684
1758,1759,-3.6654213366542194
1759,1760,-30.788597417363746
1760,1761,-16.722703490865428
1761,1762,-20.948636439685444
1762,1763,-4.795272266779222
1763,1764,-9.059542751863376
1764,1765,-22.43800658053125
1765,1766,-3.2319423495894455
1766,1767,-12.583319376988783
1767,1768,-16.226238968092304
1768,1769,-13.157456724367506
1769,1770,-5.5470800524934845
1770,1771,-16.621822383624902
1771,1772,-21.548610538467884
1772,1773,-20.307328605200937
1773,1774,-18.911855141783406
1774,1775,-25.48254956578735
1775,1776,2.756469695692502
1776,1777,-12.361608596548365
1777,1778,-33.13088394568024
1778,1779,-18.587541211174724
1779,1780,-13.480568395822658
1780,1781,-21.872055541780327
1781,1782,-12.947341941975537
1782,1783,-18.571428571428584
1783,1784,-8.313977775921103
1784,1785,-15.610530714584172
1785,1786,-16.182038834951484
1786,1787,-23.95657517410899
1787,1788,-13.541978387364935
1788,1789,-6.877381938690974
1789,1790,-39.28583291811988
1790,1791,-17.43452791178494
1791,1792,-3.749896480331259
1792,1793,-19.159191885321505
1793,1794,-7.983146067415731
1794,1795,-2.5525549169356623
1795,1796,-26.61174904310198
1796,1797,-12.205170291341815
1797,1798,-24.114688944764396
1798,1799,-26.887380191693282
1799,1800,-21.171006800464383
1800,1801,-29.31115988519329
1801,1802,-19.14556173710868
1802,1803,-10.986355416735194
1803,1804,-16.818370222995924
1804,1805,-12.344178082191775
1805,1806,-27.625691195236072
1806,1807,-0.7542912402288096
1807,1808,-19.83932733932734
1808,1809,-35.513437292634364
1809,1810,-13.186767169179262
1810,1811,-15.169733091474441
1811,1812,-29.923252775963434
1812,1813,-13.474709134417054
1813,1814,-20.565118817700892
1814,1815,-24.4616030214016
1815,1816,-14.25272984912894
1816,1817,-14.796043488923416
1817,1818,-4.996575928779322
1818,1819,-24.51658142220755
1819,1820,-26.344403236682396
1820,1821,-15.168463039972835
1821,1822,-7.74951407081889
1822,1823,-31.831896551724114
1823,1824,-35.04886789379378
1824,1825,-11.299458217041519
1825,1826,-31.83627768101519
1826,1827,-6.813242784380321
1827,1828,-25.737106714239374
1828,1829,-25.5266568737579
1829,1830,-15.694158358737738
1830,1831,-12.13826758845056
1831,1832,-27.896859447400004
1832,1833,-4.082239286598906
1833,1834,-21.98496240601503
1834,1835,12.58438372388126
1835,1836,-14.864260883959602
1836,1837,-18.8766837716485
1837,1838,-22.088819824977506
1838,1839,-2.922159711142868
1839,1840,-3.3287741494272467
1840,1841,-13.560165975103743
1841,1842,-17.848025867937338
1842,1843,-15.914228456913833
1843,1844,-29.220623501199043
1844,1845,8.764781080217304
1845,1846,-36.46316479554207
1846,1847,-36.67606568253443
1847,1848,-16.796262306023692
1848,1849,-17.62998993626303
1849,1850,-19.809712416049592
1850,1851,-23.700645794163336
1851,1852,-14.462094998427133
1852,1853,-9.954246734880613
1853,1854,-14.799260876868829
1854,1855,-33.200771876835304
1855,1856,-17.542450857381837
1856,1857,6.119302949061662
1857,1858,-25.096365173288277
1858,1859,-31.542579889576714
1859,1860,-20.189397215255568
1860,1861,-14.492352749755923
1861,1862,-15.71123346207574
1862,1863,-34.80666220287915
1863,1864,-29.13678509887582
1864,1865,-24.83337776592907
1865,1866,-11.240222562696573
1866,1867,-19.2947209145932
1867,1868,-15.101682149133836
1868,1869,-12.859764745140566
1869,1870,-3.7659327925840103
1870,1871,-35.66493810639008
1871,1872,-10.662517053206017
1872,1873,-10.765450608029354
1873,1874,-24.118639980708963
1874,1875,-16.651922148946426
1875,1876,-19.96377109921778
1876,1877,-27.625850340136054
1877,1878,-7.441860465116264
1878,1879,-24.799436432952078
1879,1880,-25.04420549581839
1880,1881,-35.735613228018394
1881,1882,-15.927646052309967
1882,1883,-27.766108193715084
1883,1884,-21.17303788903922
1884,1885,-13.60610839073783
1885,1886,-30.05406333133098
1886,1887,-13.064176970308694
1887,1888,-29.641538840127964
1888,1889,-22.229156265601603
1889,1890,-20.562958027981338
1890,1891,-19.186629977338953
1891,1892,-31.353838289170994
1892,1893,-25.104400632226927
1893,1894,-17.84983512302358
1894,1895,-32.159158902470296
1895,1896,-22.446834122462135
1896,1897,-19.588142489412903
1897,1898,-26.75231328486447
1898,1899,-6.73707940218749
1899,1900,-2.4887712544113327
1900,1901,-18.25186551521756
1901,1902,-21.00773239199863
1902,1903,0.883077184342369
1903,1904,-16.310933289785225
1904,1905,-14.47077150118885
1905,1906,-20.002483854942867
1906,1907,-22.606152860118613
1907,1908,-19.67460778617081
1908,1909,-31.806375442739082
1909,1910,-8.623891237668943
1910,1911,-20.177726102483177
1911,1912,-8.343240489130437
1912,1913,-12.808781632311067
1913,1914,-1.316031812473824
1914,1915,-9.780345873289093
1915,1916,-20.381310858358546
1916,1917,-14.455040871934642
1917,1918,-24.84327686390047
1918,1919,-36.794055201698505
1919,1920,-17.799833887043192
1920,1921,-26.858880778588798
1921,1922,-12.801394885420123
1922,1923,-15.684514003294865
1923,1924,-10.252593978567731
1924,1925,-5.277374134541418
1925,1926,-9.209414604707291
1926,1927,-37.35234215885945
1927,1928,-2.662736842105275
1928,1929,-28.6956887841024
1929,1930,-24.85893416927901
1930,1931,-2.337230139090323
1931,1932,-26.489919685297494
1932,1933,-29.794383149448336
1933,1934,-20.156210419657185
1934,1935,-32.503170174993656
1935,1936,-38.11823141437992
1936,1937,-19.53231433792986
1937,1938,-17.19607517046397
1938,1939,-26.735418427726103
1939,1940,-6.036087524493823
1940,1941,-22.344827586206918
1941,1942,-14.719411223551077
1942,1943,-18.698704554951973
1943,1944,-21.479502379560827
1944,1945,-29.493857068697025
1945,1946,-3.229087852038674
1946,1947,-17.61404089742527
1947,1948,-7.965464181911415
1948,1949,-32.85522225023108
1949,1950,-18.874716791138695
1950,1951,-20.776129410778637
1951,1952,-19.09795748228433
1952,1953,-21.67615746471897
1953,1954,-12.473861720067475
1954,1955,-11.192372881355908
1955,1956,-20.392125480153638
1956,1957,-17.53684030157642
1957,1958,-17.511070264850844
1958,1959,-28.74525916561315
1959,1960,-22.216179469748468
1960,1961,-25.84953028830583
1961,1962,-20.14744429882043
1962,1963,-18.1868263473054
1963,1964,-23.79785853341984
1964,1965,-3.180856259156741
1965,1966,-19.315742030648224
1966,1967,-32.81071221291768
1967,1968,-31.29615799518713
1968,1969,-9.143426294820728
1969,1970,-17.61908783783788
1970,1971,-13.712189156135352
1971,1972,-21.485049833887032
1972,1973,-28.315285822210996
1973,1974,-27.65171288743879
1974,1975,-35.15549355871009
1975,1976,-27.8362573099415
1976,1977,-6.103247293921697
1977,1978,-25.398910882530913
1978,1979,-2.1989089383130818
1979,1980,-18.7319980135739
1980,1981,-14.594594594594597
1981,1982,-18.125152774382798
1982,1983,-23.461538461538467
1983,1984,-28.337347396395614
1984,1985,-35.0713381173491
1985,1986,0.2897842897843219
1986,1987,-5.034789169251411
1987,1988,-29.32751983659361
1988,1989,-20.450345459085966
1989,1990,-26.53693343063327
1990,1991,-0.891574410546724
1991,1992,-14.049798004781948
1992,1993,-1.3538487622923014
1993,1994,-18.548076923076906
1994,1995,-2.3425863236289928
1995,1996,-20.780669144981417
1996,1997,-6.638592394929958
1997,1998,-20.96975393028022
1998,1999,-22.22784383168903
1999,2000,-14.95697367299988
